filename,width,height,class,xmin,ymin,xmax,ymax
-484-_jpg.rf.c4372503a65797a58973184c86838f28.jpg,1381,822,2,79,0,442,804
-40-_jpg.rf.287633186142781da6493e0a76f4fccc.jpg,882,441,0,331,148,693,441
-695-_jpg.rf.945a4a9d0d2c60776fe4bb4a865d3e12.jpg,475,357,1,0,0,423,357
-407-_jpg.rf.f351f5f612dbda0006d529a9b7e1ef00.jpg,1457,772,2,267,0,629,733
-384-_jpg.rf.86f5aefda9ee24983fe27d5e21eaef72.jpg,1441,763,2,206,0,521,741
-197-_jpg.rf.29b61fefe34bf2dac7cf759466717a6c.jpg,1328,675,0,519,248,1055,675
-12-_jpg.rf.02c85d96064837b514f54a1c3f8a76f8.jpg,819,517,0,237,87,619,514
-397-_jpg.rf.038fbb0e9a08c645d7d386546a9fb68c.jpg,727,432,2,206,0,367,406
-487-_jpg.rf.137771aa5f2fef64d58b492185723e17.jpg,797,422,2,37,0,239,412
-196-_jpg.rf.c8c8ddacc12d32a4483296090be4c3dd.jpg,817,416,0,319,101,619,403
-9-_jpg.rf.6136289bc1a1fe20fcf9433099d5c497.jpg,1227,621,0,490,224,984,621
-195-_jpg.rf.742f98ba1a97d12de58c156cd2c98d1f.jpg,1269,642,0,499,126,969,606
-485-_jpg.rf.172ea687f42e144b45b8c1a44f1096aa.jpg,734,439,2,18,0,214,428
-2-_jpg.rf.2e2d1a0a5422011642d14fb6b2eb5c21.jpg,1360,692,0,549,135,1085,692
-115-_jpg.rf.3b75ad84f1f2d8fac66489f32945f02e.jpg,1259,629,0,447,146,983,629
-200-_jpg.rf.92acc6b733e2e2fd0f6bf1a3f778a8b0.jpg,1341,847,0,449,270,985,801
-201-_jpg.rf.f34598ac34f3af82ac23f84e49e6b398.jpg,1300,812,0,454,262,943,776
-38-_jpg.rf.5ea548a9fa18c2f1c6bd628b4c9e7f8a.jpg,1280,647,0,505,127,1028,633
-441-_jpg.rf.ef6cd53c1a5b3f83f331c564a9927652.jpg,1397,738,2,167,0,510,715
-194-_jpg.rf.93500335784acb16b5e775fa58906993.jpg,1885,1186,0,557,386,1296,1154
-20-_jpg.rf.abe0dcd62a1fdba38f0c2ff0e149158e.jpg,787,395,0,324,21,653,382
-37-_jpg.rf.e378a0698de6ecd4b9469c23ae4501d2.jpg,1806,1117,0,841,262,1629,1068
-376-_jpg.rf.5e3ce9407fcc21e42ef2f3e92e393ab6.jpg,909,541,2,209,29,383,537
-418-_jpg.rf.dfd6da79af3b55c1e950ee6e4d393d82.jpg,760,452,2,120,0,281,445
-377-_jpg.rf.35dcb6ae66a841622c018d2b79e0356b.jpg,1074,563,2,263,0,484,516
-94-_jpg.rf.5c786f9d0619342040f43e021a16473d.jpg,1262,790,0,439,167,941,659
-95-_jpg.rf.55042bf25eec321b0aae4ba40aaa058a.jpg,1322,824,0,650,156,1191,668
-68-_jpg.rf.fa43dec1eedb39528d85014dbb62fb2c.jpg,1216,765,0,369,227,900,731
-411-_jpg.rf.94d505b88cfe36d9abeac7985cf4945a.jpg,1067,640,2,179,0,385,627
-124-_jpg.rf.80f895a4a4771ab54f6d800f1341b3e3.jpg,1275,642,0,482,76,1017,634
-147-_jpg.rf.50181e5da87ded70428de578da192a06.jpg,1973,1243,0,576,313,1400,1183
-378-_jpg.rf.9e55f21d6108514324b1316175b9c409.jpg,1093,652,2,296,12,504,634
-261-_jpg.rf.b28501eb663db43fa941dfd443649d61.jpg,819,488,2,302,63,439,428
-186-_jpg.rf.50f4ef45a3f608973f192c44097a2295.jpg,2106,1064,0,797,164,1602,1019
-208-_jpg.rf.d7304e3f867a9ebff4943e2e713f2e87.jpg,899,453,0,394,182,722,453
-410-_jpg.rf.7ce0ba100026738c91037df0c7591d2c.jpg,1379,732,2,318,19,577,732
-211-_jpg.rf.1ebab058d8d5d767369f3cd55884103b.jpg,1188,741,0,462,230,919,714
-219-_jpg.rf.965035dc4fc7b06bf270851cc58115b2.jpg,1234,766,0,429,282,894,754
-374-_jpg.rf.40caee735df50faf04a8678cd39b6c12.jpg,822,435,2,238,28,384,435
-486-_jpg.rf.c8bf30a37f36104e91a5321288dd6b56.jpg,1276,764,2,133,1,470,764
-239-_jpg.rf.a5541545e2174452b333d5e9f9428a3e.jpg,1231,764,0,285,263,750,740
-412-_jpg.rf.4d44d72179610f82b1d9f99a17304148.jpg,818,435,2,186,0,324,435
-386-_jpg.rf.3ec069d2eab21496736dbb35dc97c526.jpg,764,458,2,63,0,270,439
-153-_jpg.rf.8799b5ab3599b4f3c236cfef9b29aa5d.jpg,1239,770,0,364,190,869,740
-682-_jpg.rf.7d12641694d93846c98d22c233a265b4.jpg,902,576,1,279,41,617,364
-74-_jpg.rf.155db37b6ecfaa9b0c3c34adabcf55bb.jpg,847,425,0,354,56,706,387
-150-_jpg.rf.a958fb198102502b563c451c3c7655c5.jpg,1338,677,0,509,94,1045,677
-492-_jpg.rf.99e42bc6f580f337ea90c916b1d7adb5.jpg,598,834,1,165,210,539,550
-679-_jpg.rf.e5903108158f6828772db4da87f665a3.jpg,437,581,1,153,147,357,378
-206-_jpg.rf.bffaec4511d9d11ada4844fbd703aa0b.jpg,1839,927,0,873,290,1534,927
-141-_jpg.rf.b44428b7979408ade723c383ba01f489.jpg,1765,1100,0,545,304,1268,1084
-49-_jpg.rf.083088450f8bc430d3fa716d0eb810cc.jpg,1300,807,0,427,208,966,729
-589-_jpg.rf.108348bbb4beefec9b22d708ae4e0083.jpg,2597,3201,1,862,1292,1730,2062
-448-_jpg.rf.9cac45f46ab8286a2cf099a924984657.jpg,958,576,2,77,32,347,576
-145-_jpg.rf.7055a0092d812aab92d2605c3e262e8b.jpg,1193,746,0,360,175,896,722
-676-_jpg.rf.44f654516a61ce0a02974a04008d26e5.jpg,974,1291,1,43,386,805,1187
-218-_jpg.rf.4171b3adf984c35d0981af6867402196.jpg,1221,756,0,397,287,860,756
-482-_jpg.rf.538193a68dd4d72b9470e0fd23fd18fd.jpg,1061,559,2,121,0,394,527
-443-_jpg.rf.ecd1e7c40e4c189ab53d70933cc7bbfd.jpg,1079,573,2,119,0,404,561
-686-_jpg.rf.fa54d90044e093b60f2beba9f31ae364.jpg,755,785,1,0,0,696,785
-305-_jpg.rf.a824490c7cf34e0ee50335250b319b25.jpg,1274,758,2,432,83,693,656
-389-_jpg.rf.1f10c9e5c2e5523ebe23c62f72c6ebf5.jpg,890,529,2,107,0,347,494
-483-_jpg.rf.4129d733934470724b7a02fb039abb77.jpg,1141,599,2,127,0,424,594
-122-_jpg.rf.b768caa8b239b95481faabc145eb2440.jpg,1208,761,0,552,153,1087,747
-417-_jpg.rf.e461ced509eec94ead56154a3c33165a.jpg,1461,775,2,315,25,559,775
-148-_jpg.rf.4fda0ba6903d03b6d6aeff4fc7131724.jpg,1793,1120,0,533,273,1286,1073
-144-_jpg.rf.37d4c54b62d7c7bd7c65089fd17696bb.jpg,1340,673,0,501,206,1036,673
-479-_jpg.rf.3d062063bcfedb88ba1d2054347990a0.jpg,1095,577,2,183,0,425,577
-385-_jpg.rf.2586ff93070b62ad9071a20578bdab27.jpg,1454,768,2,225,11,574,768
-207-_jpg.rf.dfe377bd23e2776b8c422400fcafcfc9.jpg,1324,669,0,604,141,1075,639
-393-_jpg.rf.5aa44621b602c51fb4b805c19062cc56.jpg,1419,749,2,337,0,685,730
-82-_jpg.rf.8bdbd53a03eb22502d83470f310f7c3b.jpg,878,549,0,444,125,810,469
-304-_jpg.rf.3a335c4e1aeaf87dec63d7165d719d02.jpg,1169,616,2,421,70,644,566
-371-_jpg.rf.2387218ff05c1809fcb43b22f95dd344.jpg,1108,589,2,296,40,518,587
-404-_jpg.rf.685575fcfa9c7fcbe09dc0b405fa2eb2.jpg,1432,752,2,316,0,647,710
-381-_jpg.rf.7f03309368dd2fd1e526659abef60f4c.jpg,1130,599,2,223,0,421,577
-85-_jpg.rf.273fd23e26dc04a42ea9f28c40857dec.jpg,838,519,0,302,81,644,409
-413-_jpg.rf.ead6c9c90d38798b3919882564fde1e1.jpg,950,500,2,215,0,376,490
-276-_jpg.rf.b7f5a9fc25de152944b288672f5b55ed.jpg,803,426,2,275,48,439,396
-70-_jpg.rf.7eaa291f2cfbaca6879198d32da9d8b0.jpg,1291,799,0,602,159,1182,692
-24-_jpg.rf.19b7a3fd9b5463a6d18db430e2519604.jpg,1283,652,0,515,105,1050,652
-216-_jpg.rf.94fc6094772777fcfa15f87efd8bbfe5.jpg,1751,1104,0,871,397,1542,1079
-420-_jpg.rf.2d7915d6dcce985d22f0dfd732f94e35.jpg,1431,754,2,272,0,593,753
-419-_jpg.rf.592947070ee37f764daa8abffa919800.jpg,948,564,2,221,2,400,556
-157-_jpg.rf.80615cdc5e895f695584ef7d0abcb365.jpg,879,552,0,236,136,610,521
-217-_jpg.rf.6f6bf248badf790a8f1b20a911ab702a.jpg,1834,1139,0,904,400,1587,1112
-257-_jpg.rf.07730985ba8a526cb5bfe19de9982aec.jpg,908,543,2,254,57,407,459
-210-_jpg.rf.ddfab27f4a01bcec4f7b5b94d782a04b.jpg,1193,747,0,630,229,1086,722
-396-_jpg.rf.e987cf2c1dc3642cc0adf45207d443e9.jpg,748,449,2,178,0,339,436
-402-_jpg.rf.de27a826a4997e68e8fa22fc3ee4d6fa.jpg,1093,574,2,295,0,495,570
-406-_jpg.rf.3f75a9ca3e39dd85d5353a493103566a.jpg,745,447,2,178,0,339,441
-90-_jpg.rf.548dbab3e0b0cc7d3fdc648fa8c7220a.jpg,1946,1208,0,693,193,1464,967
-5-_jpg.rf.71f9540da2f772252888f1f71e2833e2.jpg,804,505,0,369,165,709,490
-208-_jpg.rf.0fdf30bca5675525f25ed51ddd6f1d8f.jpg,899,453,0,394,182,722,453
-279-_jpg.rf.eab36f9dcfe7dca258062cb6ffecadc3.jpg,975,586,2,365,58,563,508
-216-_jpg.rf.4e6e048600029e6bc8d9d1713f4d0edb.jpg,1751,1104,0,871,397,1542,1079
-256-_jpg.rf.51e6de70fe6a3ced6912152b9ca2496b.jpg,1027,614,2,360,78,523,537
-26-_jpg.rf.a23aabffe411dc649d15a09b6db3ae52.jpg,1304,661,0,530,113,1065,657
-259-_jpg.rf.45cef8c73c4ba437a2b22d4d088ffbd4.jpg,972,514,2,324,70,481,479
-79-_jpg.rf.9039b8347e84e9886c30934a60d77e3e.jpg,1285,649,0,554,47,1066,547
-405-_jpg.rf.c83d5dcc395535fcf6c3816e52badb73.jpg,744,442,2,135,0,296,435
-81-_jpg.rf.ca4ceefb9d2f74f6282c5e698778a930.jpg,1306,666,0,568,56,1089,541
-438-_jpg.rf.b1bbc5802ef60fcc4a9b6281283360f5.jpg,1101,585,2,143,22,423,585
-204-_jpg.rf.275447813c4452b1f5d66a9490d60432.jpg,1985,999,0,860,422,1563,999
-76-_jpg.rf.b5049ae06a43222e9e5fa80303a3ada7.jpg,1810,1128,0,899,254,1651,974
-50-_jpg.rf.4fc97302323cb7655ab935670ffd16f4.jpg,1851,1164,0,873,326,1648,1071
-663-_jpg.rf.3f61a97d6ebe4d0cf0080b9aace1edbe.jpg,3321,2183,1,1289,564,2177,1321
-51-_jpg.rf.4fcd5011d28f17638ae100eaf62f376a.jpg,794,497,0,251,137,590,455
-148-_jpg.rf.a4a5cd9c5470148b603aaf45e5e15bda.jpg,1793,1120,0,533,273,1286,1073
-678-_jpg.rf.3e4285ff649f831e2351d3bcb50e3876.jpg,893,573,1,322,145,827,569
-1-_jpg.rf.5bb301827a9f15077eef878067ef0f79.jpg,1226,770,0,549,170,1070,749
-399-_jpg.rf.70ae12777e3c50c40df04ed1139d4a78.jpg,764,456,2,212,0,373,430
-446-_jpg.rf.bdd178d9c931bd53e80a74a714959447.jpg,1357,815,2,193,0,530,748
-113-_jpg.rf.07a1578772e6ce33065775419cbb24ea.jpg,1282,646,0,468,130,1004,646
-8-_jpg.rf.beb162d65e8706a0b20bb3b659ca2009.jpg,858,429,0,339,161,679,429
-27-_jpg.rf.cacfb3250d68670db1e2bde2fdfd56bb.jpg,2143,1081,0,879,301,1736,1081
-392-_jpg.rf.dd8a86b89aec26a82c04da3335637f6f.jpg,1350,715,2,304,0,647,697
-445-_jpg.rf.1bd2a6f0a70fbff115e05962ca1c4dd9.jpg,814,431,2,99,0,329,431
-42-_jpg.rf.cd6cfc81227c62fcfe1fb8e97ac5d99c.jpg,906,454,0,353,53,732,426
-262-_jpg.rf.118b19d577365e2bc255bbc1c5029097.jpg,1388,731,2,477,77,728,672
-200-_jpg.rf.1665b99fd3d45770b5ac77676b04d087.jpg,1341,847,0,449,270,985,801
-449-_jpg.rf.e429392d310d25ab651f333c2900610e.jpg,1100,582,2,154,0,397,582
-700-_jpg.rf.3e29eb0254226ab9d6cfa1a10a503ef5.jpg,1405,1227,1,698,394,1111,847
-184-_jpg.rf.642baad20e51e802b1218e1e3f2e9c1f.jpg,1298,652,0,496,63,993,589
-69-_jpg.rf.205343520e859e23f219b736e1235cd8.jpg,819,511,0,267,153,606,480
-92-_jpg.rf.bd4d33aa071e60765f99faba005b330e.jpg,1272,640,0,529,148,1029,633
-267-_jpg.rf.da8be5e388a0913890ad94b34a4fe28b.jpg,795,422,2,279,46,420,393
-91-_jpg.rf.e391a12974116e0e67f72575310cc1af.jpg,1178,593,0,479,0,940,425
-673-_jpg.rf.85e26ceb0a1d3c36de863773019229cf.jpg,1508,2353,1,165,701,1168,1603
-439-_jpg.rf.ae19091a65955b1354e4acc0b43e4b11.jpg,1445,863,2,195,0,584,838
-156-_jpg.rf.9bb164a3a6a0e2c91f08ad9e1af9b685.jpg,1389,697,0,525,175,1066,697
-268-_jpg.rf.31ae0778dbcce01c7182866b0f3ffb13.jpg,1043,620,2,401,58,584,534
-391-_jpg.rf.caf563bcdd586d08800aa741f8caadd9.jpg,1346,804,2,206,12,573,780
-490-_jpg.rf.7fe7ea6a93b5da9a33e319c66f59c3a0.jpg,932,560,2,2,2,164,545
-280-_jpg.rf.56d516a22146bff9349ae67eb864f159.jpg,1011,537,2,368,33,575,475
-165-_jpg.rf.4c59100952924d93809c28cb4cf42286.jpg,798,406,0,298,100,624,406
-7-_jpg.rf.5a94f25c22f1432b5e0a95795b9f05e3.jpg,1812,1126,0,819,317,1599,1061
-390-_jpg.rf.7732971a4a52e4aa5c290d953eb861c9.jpg,1067,564,2,219,0,500,553
-269-_jpg.rf.1ac96ec1c0fb4e69cae524ac9c5791c6.jpg,1102,579,2,393,24,572,500
-224-_jpg.rf.5046739414969b5e8d80869216eedf6b.jpg,1237,770,0,512,297,999,770
-680-_jpg.rf.0916f1ae17046ba2cbc4ddc05eb1cf25.jpg,1311,833,0,427,245,897,634
-138-_jpg.rf.7ebb856d0ef8b53a15ed68b779f0b412.jpg,1854,935,0,721,103,1462,894
-166-_jpg.rf.295421b27f608c4d354b83f99c8eb67b.jpg,1225,613,0,453,153,956,613
-168-_jpg.rf.b23917c36480f7d8a7e3bd74a47a3007.jpg,1222,766,0,547,161,1082,727
-85-_jpg.rf.4e5287c1337611cff84f651068626a40.jpg,838,519,0,302,81,644,409
-494-_jpg.rf.29f7824eba6a553cab70abe43bea8b0f.jpg,978,766,1,306,245,714,692
-163-_jpg.rf.205f31a3cb1291a569739c91cf216e94.jpg,1241,624,0,464,142,1001,624
-488-_jpg.rf.8c81b74435a0c2b71c8a0031eaa22f00.jpg,1296,773,2,59,0,407,773
-225-_jpg.rf.abe9d9f25214e2e6ee20a3805cdbf465.jpg,1234,769,0,530,263,997,769
-681-_jpg.rf.9c5f1d31f9da7374b464e3bc611f0c44.jpg,890,1518,0,150,459,641,1013
-204-_jpg.rf.aba16a933b746501ff38fb99478877c0.jpg,1985,999,0,860,422,1563,999
-49-_jpg.rf.bd8060b88e47eedf48befccc2c6f17ff.jpg,1300,807,0,427,208,966,729
-282-_jpg.rf.b8ef787b8a7d0cdd52090f71c7830c46.jpg,1025,545,2,364,61,561,515
-180-_jpg.rf.d855855627182a74051740b20c9929da.jpg,870,545,0,259,136,614,513
-671-_jpg.rf.93e56a4d0e061673ecd55540c6886f3d.jpg,832,1661,1,101,436,740,1032
-281-_jpg.rf.2bc9f02456b2694920737befac55e570.jpg,1060,564,2,387,32,589,491
-170-_jpg.rf.646cb4e4e97416f1dd23546229d5a913.jpg,1214,610,0,445,53,981,588
-164-_jpg.rf.e3ce9f21ab3d2849d336e1fdc81be45f.jpg,893,552,0,262,126,638,511
-15-_jpg.rf.131b257bf531afae15bcd80f81f5e308.jpg,809,506,0,265,70,621,486
-672-_jpg.rf.5cb0b1269275016655e3ebbcf612c1d3.jpg,3082,1665,1,1260,447,2337,1581
-416-_jpg.rf.2f8195923d32128f48bc6dae4e20fd8f.jpg,1068,567,2,235,16,403,567
-151-_jpg.rf.ddc9feb6fbcb19cd3507df257376330c.jpg,1286,654,0,475,104,1012,654
-27-_jpg.rf.053c59e643d9638f87d3f6cd12a2884e.jpg,2143,1081,0,879,301,1736,1081
-258-_jpg.rf.eb676aa7b74ac7929c56fca7b3e0452d.jpg,1188,623,2,381,95,586,598
-87-_jpg.rf.e56dd341cafd5da04916d5cb9cff1a4e.jpg,1237,622,0,536,18,1028,482
-214-_jpg.rf.ebfdddf0ed99273ee31aed201d16f61b.jpg,1882,957,0,774,490,1428,955
-112-_jpg.rf.66cea051a82b0fc72cef2cd5372cca81.jpg,1198,744,0,504,99,1040,684
-685-_jpg.rf.437829aec65dd9c1e5774d9f9b84307a.jpg,1787,1758,1,132,307,1729,1596
-266-_jpg.rf.e41c0e480f948c46ce72019f2cd223bc.jpg,1116,593,2,387,63,591,547
-422-_jpg.rf.5e8bc3fb13929a8d7ef67ee47d6537b8.jpg,796,476,2,166,0,361,445
-235-_jpg.rf.2e2dd79d17c37230d58d52e7720dd118.jpg,838,523,0,338,166,657,487
-694-_jpg.rf.be045a9fbcc1135a496652a2154043fb.jpg,1840,1396,1,0,159,1640,1392
-171-_jpg.rf.221b316993fe8c4a6e1c52c71da63f3a.jpg,1977,1243,0,923,304,1736,1185
-159-_jpg.rf.6cf2f4b6c4edf6daf3fb50edc70b363d.jpg,816,513,0,358,127,702,486
-491-_jpg.rf.8d76ad4bb6dccc1e554b3ce700464f64.jpg,1325,1386,1,101,260,1259,1292
-288-_jpg.rf.7c55fd45dbdede3bc03be35c474f0803.jpg,928,488,2,285,21,470,422
-273-_jpg.rf.e0e2c866a3e20f75bf6b791802df8969.jpg,1486,785,2,511,82,761,701
-265-_jpg.rf.ad8e85d3a0dc507c597d95fed87b6157.jpg,822,434,2,290,15,427,369
-493-_jpg.rf.b3351d285b3237839232381b52228c36.jpg,1000,722,1,269,44,657,484
-237-_jpg.rf.d96c532bf5d2a9bc8e466bd2432364bd.jpg,1339,679,0,419,274,936,679
-4-_jpg.rf.8ca90cfe4c85e4963284bf14bbcd3c82.jpg,1841,939,0,719,170,1465,891
-71-_jpg.rf.4d393bb5c0f7be733169f9f82fdf28d9.jpg,2081,1061,0,862,323,1701,1061
-158-_jpg.rf.eb3bb40c4450d569ef3aafa82e101774.jpg,1827,924,0,675,266,1388,924
-167-_jpg.rf.5f35263b5830ac8278d4719c7a5a3925.jpg,1896,967,0,745,121,1476,905
-213-_jpg.rf.a99ac3b50a6e2933cb46130fb9ba4391.jpg,1232,765,0,612,296,1078,765
-169-_jpg.rf.714cb8160bf1571616a03899bf38e973.jpg,1263,645,0,490,144,1026,645
-103-_jpg.rf.c63945483138155076dbc262d7eb77d4.jpg,820,415,0,309,0,638,357
-259-_jpg.rf.58cc7fed33764886affd74b016b27d9f.jpg,972,514,2,324,70,481,479
-93-_jpg.rf.95cc66ada4c77d5744687dad95285466.jpg,1149,722,0,396,138,860,589
-33-_jpg.rf.0dab85793c74a3ad26d4edbdd0ec6d8d.jpg,1284,808,0,625,215,1182,785
-162-_jpg.rf.3086308e5d1adb6e7c5c2779e8800c73.jpg,1185,740,0,322,120,858,715
-544-_jpg.rf.51047e3bc0d99f18f640604a2e271dde.jpg,2426,2565,1,670,626,1574,1453
-289-_jpg.rf.47a994dc9b20673fefcde479e394fbff.jpg,738,439,2,264,46,410,396
-17-_jpg.rf.8a4bc056716c9c71f600ebcefa80ec9d.jpg,832,417,0,312,115,668,417
-586-_jpg.rf.fbec1964dae35fd38c9119b8ec8c4e25.jpg,3989,2773,1,64,187,2953,2642
-244-_jpg.rf.6b169c1210f7fd76125531cd5b64711c.jpg,1381,726,2,424,110,675,705
-691-_jpg.rf.5c5128ed9a83139cb41d41555035af18.jpg,1404,1990,1,74,0,1302,1779
-206-_jpg.rf.e7cee81c99a5809abd8d4617f5a8c8a9.jpg,1839,927,0,873,290,1534,927
-145-_jpg.rf.03eb38a32b83075b514b35cffead85bc.jpg,1193,746,0,360,175,896,722
-274-_jpg.rf.5b04d23a82d9a5374c90e44923c3f300.jpg,1229,739,2,368,73,618,668
-220-_jpg.rf.f22442324bd4b13e0c651c27011b850a.jpg,1243,773,0,386,288,854,773
-179-_jpg.rf.91938c60dbefa94f61cddec8ea06474e.jpg,1893,968,0,737,243,1477,968
-209-_jpg.rf.61539664efd910e1df5676ebda4a0185.jpg,1235,618,0,541,257,987,618
-205-_jpg.rf.1a6e6c338116283176c1377d13faff12.jpg,1242,628,0,579,202,1034,628
-221-_jpg.rf.060531408f971e66170be27826f82994.jpg,1843,1159,0,873,410,1559,1126
-31-_jpg.rf.184340ab1967b421c1d24533cd385379.jpg,1939,987,0,815,306,1593,987
-23-_jpg.rf.6e4305c4b8006a3766b98493df25843a.jpg,1382,705,0,594,133,1130,705
-207-_jpg.rf.ce438534d3f9f3502da64a2ca71bf46c.jpg,1324,669,0,604,141,1075,639
-142-_jpg.rf.489265105fa76b2252f151340d632de1.jpg,1352,838,0,603,227,1149,825
-560-_jpg.rf.2781d85de7757f08efa14ca9cc3a31b0.jpg,4297,2959,1,3107,1597,4128,2486
-223-_jpg.rf.cf2a1d306088c654bebca3f6bae336b0.jpg,824,414,0,298,123,592,414
-126-_jpg.rf.3d868e82a77641dc59ed58d3af248928.jpg,1168,585,0,429,34,965,570
-100-_jpg.rf.54233207b2bffe6041ed93a226f36b67.jpg,1277,803,0,402,98,938,692
-109-_jpg.rf.0232f54877494e65177b21891b17aec3.jpg,1242,632,0,456,94,992,632
-86-_jpg.rf.19ea3d941e4612ea511bd6f8aafc450d.jpg,1172,735,0,599,135,1068,621
-6-_jpg.rf.26829d41e21d3e9fb1a173fc85ebaedd.jpg,1872,950,0,720,291,1520,950
-21-_jpg.rf.2e47244a8725e77853f4b0eb4ff105d0.jpg,1251,784,0,414,161,949,756
-683-_jpg.rf.0520274392c30813f4ba804159188385.jpg,1699,1997,1,7,205,1548,1580
-368-_jpg.rf.1cafa9e5f17e3d9a783cbaa1b23279fb.jpg,1180,622,2,241,2,516,600
-102-_jpg.rf.1072563d12f806ea8807099224d791cb.jpg,1185,741,0,347,72,883,667
-128-_jpg.rf.90f025aefdc13cadef7b118206ef626a.jpg,1281,647,0,469,48,1006,643
-28-_jpg.rf.9cdcf90de90f0a7c54b2a25f6fca2a17.jpg,1806,916,0,729,255,1460,916
-297-_jpg.rf.f6e48c57d0ca9c1bb3a7a498b35714de.jpg,776,409,2,303,15,416,352
-684-_jpg.rf.0db55e65f9e0ee7aa5cb898d640da8fd.jpg,2151,2011,1,536,0,2151,1881
-667-_jpg.rf.407ce5425b4c02df8b8a9e13352d55f8.jpg,1796,1062,1,612,0,1770,1016
-125-_jpg.rf.d43c011b1800e52effb355273c363bb7.jpg,1330,679,0,514,74,1051,668
-227-_jpg.rf.6fcf4b40b0ae78fb83b39b773ca6f4b4.jpg,1217,610,0,442,246,881,610
-278-_jpg.rf.8da589618a95b57e27b8ae5f3ae99f03.jpg,1015,534,2,364,59,563,502
-107-_jpg.rf.76677861d59a2c19d0a133d5378f218a.jpg,832,417,0,291,85,638,417
-245-_jpg.rf.ecb8827ba9ec838015b1f22b6d6328de.jpg,981,586,2,327,81,500,521
-104-_jpg.rf.a8e6fd4b400cc0651345d2d4c3d7db3c.jpg,798,406,0,300,0,628,357
-54-_jpg.rf.7ad4fdd47a0d93e9937b45ba0467b411.jpg,1271,802,0,598,268,1134,766
-135-_jpg.rf.0987a43bef7572b31d1cf04e025bb80b.jpg,808,507,0,248,100,603,485
-11-_jpg.rf.93cd0cb7c6c29c202856ecb9b3e789bf.jpg,1245,777,0,378,162,914,757
-35-_jpg.rf.a9fa4353ac514d8a3726a91e5f98136a.jpg,1817,1148,0,838,396,1625,1148
-558-_jpg.rf.f5c0d84415678962a6c2119109933b52.jpg,3858,3131,1,228,673,1254,1547
-81-_jpg.rf.8273e95c99fc61a60e49bb3bf1b9d351.jpg,1306,666,0,568,56,1089,541
-36-_jpg.rf.d048d626d56b656760bf78607623a1b8.jpg,1315,829,0,399,252,956,805
-127-_jpg.rf.ce444c1e05a5c6c302b8a62f86f4a7e1.jpg,1234,775,0,362,163,898,758
-699-_jpg.rf.1691fd70abd1214e62825dc08383f496.jpg,2388,2767,1,805,671,1642,1529
-432-_jpg.rf.5548704ea4877ce74b1420c11dd13beb.jpg,781,411,2,133,0,312,396
-5-_jpg.rf.96ef567eb1842bdecf873bf8eeffd18b.jpg,804,505,0,369,165,709,490
-221-_jpg.rf.e1f955acc27f8114e84744c856994b52.jpg,1843,1159,0,873,410,1559,1126
-84-_jpg.rf.05683f34fda1d8e40301b613d94d4e09.jpg,1247,629,0,550,54,1046,513
-92-_jpg.rf.ff343fa2ec08ca796c186f9f59d5343e.jpg,1272,640,0,529,148,1029,633
-80-_jpg.rf.b31815ccf363d6222ce89ac80df413b7.jpg,1277,797,0,652,155,1171,650
-240-_jpg.rf.40b70e045144d166a3f0168f138ba824.jpg,1269,796,0,492,262,986,753
-246-_jpg.rf.147dbdfb429cea6f8b9256ddd90db3f1.jpg,1026,614,2,340,97,519,565
-53-_jpg.rf.e7df8ef3077f0ddf5a6260709e9cbbad.jpg,1248,785,0,592,242,1127,744
-643-_jpg.rf.ad7c308f02274f75e882d1658b1c69be.jpg,587,448,1,54,49,523,390
-576-_jpg.rf.b3eda563dcf451b9187900d024c4d60b.jpg,1240,1295,1,184,199,1191,1106
-427-_jpg.rf.d5a9e7196e6bc91955017c7059eca1db.jpg,1047,628,2,161,11,379,614
-369-_jpg.rf.566e7bb43dba078271efada09f8390ea.jpg,983,519,2,235,22,434,518
-298-_jpg.rf.0b5b8ecf9964c66d771a9a3523ef261e.jpg,817,489,2,338,47,469,425
-222-_jpg.rf.566b21387a7f3a033361041df9bca8ed.jpg,880,441,0,331,127,646,441
-243-_jpg.rf.b74d253066500d11fe8b97c661f29f8d.jpg,960,572,2,308,94,497,529
-105-_jpg.rf.2e1b499ca983a4c117b3144890a4b123.jpg,915,467,0,334,70,714,467
-62-_jpg.rf.1ddd5e70f0097c5b307309e7ac4167ce.jpg,1286,652,0,503,118,1026,623
-57-_jpg.rf.7966cfb36f9f8ad7e0a9e5ac3ffe1205.jpg,865,437,0,335,170,676,437
-183-_jpg.rf.30aa17d199b26de5133b32699382336d.jpg,2041,1030,0,815,242,1595,1030
-61-_jpg.rf.96b317a13db932b3c22ee8f64c6b8f8c.jpg,1284,645,0,495,130,1031,625
-283-_jpg.rf.035be3e858a069afedccd83bd3a93060.jpg,1034,617,2,359,64,569,522
-299-_jpg.rf.2f639d5cc3920fe12c9d3f9c840eed22.jpg,974,586,2,397,57,559,512
-281-_jpg.rf.2086d1b61cd89a61bbb1fc88e5885cf2.jpg,1060,564,2,387,32,589,491
-99-_jpg.rf.2415bddd872a28393ba87a0a2709bf08.jpg,1290,653,0,510,44,1026,527
-284-_jpg.rf.33a5f967458020e2fd1869823c8b0f18.jpg,756,454,2,205,47,361,382
-9-_jpg.rf.d3bc28b006a9d7ff1424ab498f9269b3.jpg,1227,621,0,490,224,984,621
-367-_jpg.rf.08b32b5ad5f104321bf77cb05c85248b.jpg,1038,622,2,162,4,418,555
-248-_jpg.rf.b877c4c8fafd86e3637134a0926b941e.jpg,952,567,2,241,78,421,512
-39-_jpg.rf.ddc7f33bbad03e47362b403f04ed39fd.jpg,868,544,0,408,142,778,514
-256-_jpg.rf.d87dd9f87e3ac6d309066c2fd0c30dce.jpg,1027,614,2,360,78,523,537
-639-_jpg.rf.21af0befdeeb5e04f455fdb5aaef0515.jpg,741,565,1,0,0,741,565
-609-_jpg.rf.01d91ace99eb1813a8c0893364ecbf7d.jpg,669,929,1,244,348,526,679
-607-_jpg.rf.7efd14cd934b6b4486b8fa25c40435b9.jpg,676,935,1,154,36,643,532
-499-_jpg.rf.5cd9e1d388797e0c71076c5270818062.jpg,1388,1386,1,161,146,1319,1178
-423-_jpg.rf.19442d89d361ec4fda5bafcba00d101f.jpg,1046,621,2,159,0,409,584
-591-_jpg.rf.15393135a3e92bd4d33fb7ba7255d5f3.jpg,3503,5098,1,1430,2090,2588,3122
-451-_jpg.rf.8dd07bc8eaf9fcf5d69c1b3f019f3b59.jpg,1049,556,2,161,28,431,556
-433-_jpg.rf.cba44b4d8808d68509f132ed092e040b.jpg,746,448,2,132,15,315,448
-296-_jpg.rf.357523fd3607c03512f1cb0ed547a749.jpg,869,462,2,339,47,463,424
-205-_jpg.rf.5925f53a113f2fdb956ae68b368f95b3.jpg,1242,628,0,579,202,1034,628
-34-_jpg.rf.53c6fa517f3ed109ee57411ef0b6f0ca.jpg,1876,1181,0,600,303,1413,1161
-552-_jpg.rf.a479873d67104b859d525ebd047bbf16.jpg,839,578,1,202,153,673,578
-363-_jpg.rf.63f8bc7fc276faa148c7dc12ba6fd9ff.jpg,1073,640,2,222,20,424,630
-619-_jpg.rf.3d620816c87120e2d7f93b262ce2f978.jpg,670,732,1,77,0,670,732
-313-_jpg.rf.bf58ed146acec4f2c80a1b88a98df52f.jpg,976,516,2,336,36,497,480
-258-_jpg.rf.21835c369552b9aa0aafc9725f5130fc.jpg,1188,623,2,381,95,586,598
-329-_jpg.rf.947d8ed0bd398b92ddae5fb2bb4daca5.jpg,1127,598,2,365,21,550,540
-25-_jpg.rf.1ef784f903c2dfff7c60f1d42c170659.jpg,1974,1000,0,773,326,1569,1000
-578-_jpg.rf.5b671b0ac3e0e6235c33647ae0749da1.jpg,1179,773,1,341,0,1155,685
-130-_jpg.rf.26c29b106dc06b64423035a41380005f.jpg,795,499,0,225,110,569,482
-133-_jpg.rf.977ac2ecf932ea988a444e8e1823f587.jpg,1289,800,0,579,168,1115,762
-161-_jpg.rf.816224776219234b964cae9d2dec0f28.jpg,1235,775,0,530,161,1066,756
-290-_jpg.rf.30f7610fa171ccb68428dc9f1e9bed31.jpg,1324,789,2,374,89,639,686
-644-_jpg.rf.8fbf1149246426fcf2c1132a0635441e.jpg,435,480,1,71,16,399,446
-426-_jpg.rf.de212548f3494265e11d91956d77404a.jpg,787,469,2,129,7,290,462
-59-_jpg.rf.1a8da90149e0ba4fa18925fa6435a157.jpg,778,488,0,363,167,683,461
-90-_jpg.rf.29510ce94ac3e19e6d75a803b42a3fad.jpg,1946,1208,0,693,193,1464,967
-226-_jpg.rf.cff63b731525c70626cfa889404c57a2.jpg,1133,715,0,288,254,724,715
-4-_jpg.rf.7a658f5c47e6160618fcff31197a129f.jpg,1841,939,0,719,170,1465,891
-88-_jpg.rf.25320c7a7a4c6160727b31bd630ac331.jpg,1939,990,0,832,174,1576,875
-308-_jpg.rf.cd59399195a91a7397baf08090832656.jpg,820,490,2,267,47,428,438
-421-_jpg.rf.3644f90f0c942af75ac637cf4cb9a55d.jpg,1339,802,2,206,1,492,778
-606-_jpg.rf.d23335de03967f81bb44caf0194a42d7.jpg,995,613,1,108,0,633,442
-428-_jpg.rf.be9d151091753852e9b2bcc0f61b2b5b.jpg,992,592,2,201,2,429,580
-303-_jpg.rf.d776bdaf5389cba78d52b8df4457c782.jpg,846,450,2,310,20,472,383
-555-_jpg.rf.6a8b1418b152e5f0a16703eab1b79484.jpg,377,517,1,69,70,363,454
-312-_jpg.rf.7b2ac12e2f8280102e702c1fd211d7c2.jpg,1375,819,2,418,78,678,718
-580-_jpg.rf.df81fc91627504d10801fd2f45b6ee6b.jpg,1080,835,1,0,120,755,835
-447-_jpg.rf.32ebd0e392db16afaf8a5abb408cb2fa.jpg,1358,817,2,101,0,463,765
-587-_jpg.rf.b548a0cb40f231eaa7564fa62d9d5562.jpg,2929,3563,1,355,81,2711,2858
-435-_jpg.rf.b3d150c919acd3ce6c507482941d1dbc.jpg,1327,793,2,90,0,468,793
-664-_jpg.rf.ef6b8bc486da2f5e5089d2c43b25eea7.jpg,3137,4015,1,1169,1784,2327,2816
-37-_jpg.rf.de54e660be3ce3442ccd1d044126dca3.jpg,1806,1117,0,841,262,1629,1068
-297-_jpg.rf.a1d788494f16e4ec0ed502d28f6c72b4.jpg,776,409,2,303,15,416,352
-273-_jpg.rf.d11e6ab268d83a33257e81077acd6567.jpg,1486,785,2,511,82,761,701
-98-_jpg.rf.be59ccfbb9dd66c72f06a99260f6f33c.jpg,851,528,0,290,104,641,437
-65-_jpg.rf.e0612065004241d1b77793ed54671b21.jpg,1930,1215,0,898,364,1712,1129
-649-_jpg.rf.1c63db7f7eb5984e79c0f349978038cf.jpg,949,803,1,270,250,708,755
-97-_jpg.rf.a58a5290ac901f3493005e0330fdd284.jpg,792,499,0,394,117,714,421
-232-_jpg.rf.daa506ddaccd2acb57c046e2888cd345.jpg,882,554,0,216,192,564,536
-185-_jpg.rf.970a67203b6f8613ad76d4300524b06e.jpg,824,515,0,252,122,588,487
-280-_jpg.rf.2e9ec78072f68421421e112204d2f8b5.jpg,1011,537,2,368,33,575,475
-315-_jpg.rf.ee0bba3d3055ee2629be4d6724e572ce.jpg,1341,709,2,503,71,694,656
-636-_jpg.rf.eae7be9aac8cda7546e3ff963389d7ec.jpg,475,547,1,27,45,459,536
-30-_jpg.rf.2f2ae787168cd583852c4a84d620b8c4.jpg,1896,959,0,797,289,1560,959
-288-_jpg.rf.66c9cc0229574a8ea8a3dd09da5fa71d.jpg,928,488,2,285,21,470,422
-651-_jpg.rf.3a5967cb2d70c636954de0dbeb76c861.jpg,2778,4322,1,322,1071,2778,3673
-450-_jpg.rf.ae5457cce2736b082551aafc59dec24a.jpg,1352,807,2,212,34,589,807
-249-_jpg.rf.42f743a3904055e81a9da48084fdff47.jpg,1088,575,2,332,73,514,575
-132-_jpg.rf.c207d3de99283892755dfa01984bc5e6.jpg,1271,797,0,372,181,908,777
-60-_jpg.rf.1055bd37a20d5139924af3cfaf03fc24.jpg,1212,750,0,375,220,896,709
-251-_jpg.rf.a0f59b2bd3180d5fad7f31a62fd446d0.jpg,983,586,2,321,71,502,509
-641-_jpg.rf.93ff2285bec855c80f78dc1074d92b2b.jpg,770,649,1,186,131,721,620
-58-_jpg.rf.1c17d13c48206bca32d34cf55c2a3582.jpg,797,399,0,312,73,647,388
-168-_jpg.rf.9d450f21be59421b2b121f4e87b6c150.jpg,1222,766,0,547,161,1082,727
-574-_jpg.rf.aa3dd8f4c6ab2816134d3a93e5b4432b.jpg,988,867,1,124,67,872,707
-322-_jpg.rf.d2d64e0771acdbdfd3d02b940d72c093.jpg,1186,629,2,432,51,611,606
-661-_jpg.rf.91944b4b36bdde64397d6286e6660e9b.jpg,4508,3809,1,803,513,4508,3534
-452-_jpg.rf.11f7f15f013687568bd7da7d28d5fcbd.jpg,1132,596,2,175,32,468,596
-38-_jpg.rf.e3493162b7898d6f7d55d741cd353458.jpg,1280,647,0,505,127,1028,633
-129-_jpg.rf.b0774ec08243c405219ddebc132a85cb.jpg,1145,712,0,307,161,843,695
-167-_jpg.rf.ef062f0783c232a8727c85f1c41a7ea8.jpg,1896,967,0,745,121,1476,905
-279-_jpg.rf.61a70c32ef3d4abc7b91828583d9bbe2.jpg,975,586,2,365,58,563,508
-621-_jpg.rf.b6badbce3083656061faddc23a25fe2d.jpg,538,609,1,0,0,504,609
-277-_jpg.rf.59490e3c4070306878c9ef074c27807d.jpg,1130,594,2,399,74,628,578
-355-_jpg.rf.486b58a0f690b0357d81622b4ba0545c.jpg,1323,794,2,353,35,616,713
-608-_jpg.rf.9d5edda7cafc3f620e371da34b72b8d0.jpg,1220,881,1,505,184,1191,841
-294-_jpg.rf.c7570a367214ebd828fcc8b7f8eb7a6c.jpg,1038,622,2,339,61,508,538
-66-_jpg.rf.aba4c3796d2a4bdd6e7196dd412142d6.jpg,1276,806,0,379,263,924,777
-642-_jpg.rf.1932c3b874ff6de5def3186eb6e69e1f.jpg,498,550,1,48,28,414,499
-302-_jpg.rf.38f86db505223d2fcda045b591899d94.jpg,721,430,2,233,41,387,370
-637-_jpg.rf.bb569308b335811c381cda491e93441f.jpg,573,419,1,40,30,532,418
-497-_jpg.rf.85ed692bef492eea8224985fce081ea6.jpg,3939,2528,1,977,303,3059,2398
-457-_jpg.rf.f6bccff176c80feab0f111f8cd04a840.jpg,1350,804,2,250,5,555,788
-662-_jpg.rf.d3a3aeb9fe0cddf34b30dd0fe28ec523.jpg,3096,3942,1,842,1558,2000,2590
-473-_jpg.rf.a4933af78b9576c389bcc1a0dfd6d554.jpg,749,449,2,139,4,300,449
-454-_jpg.rf.75c402a2f0f6f2bd895b93cd76834676.jpg,723,432,2,131,21,317,432
-453-_jpg.rf.faf108e94dbd5450f16aa7c8a5118579.jpg,1314,787,2,138,42,485,787
-250-_jpg.rf.5ea127d7cb68e6770c1b39595a4028a6.jpg,828,440,2,255,35,388,385
-230-_jpg.rf.9e672d443a55ef8952ef962c7caebf1a.jpg,870,541,0,344,202,676,531
-62-_jpg.rf.989d0f6a3377d787cdefaa04eaba8016.jpg,1286,652,0,503,118,1026,623
-63-_jpg.rf.3dba991e3505bd3daf99ee4e6ca87010.jpg,859,430,0,317,166,677,430
-257-_jpg.rf.abfd4165a08705a60872668266e86ea8.jpg,908,543,2,254,57,407,459
-101-_jpg.rf.dba6dd27f793959aad1755b3bb0edf23.jpg,883,444,0,340,69,704,444
-104-_jpg.rf.d222c9fb291cdcb2d02b04fdf0d0be64.jpg,798,406,0,300,0,628,357
-10-_jpg.rf.3d844839730942a4516f3007d2315a99.jpg,1327,678,0,525,50,1061,645
-16-_jpg.rf.77f03f7866c6f3c011e6179c705d237c.jpg,1726,1081,0,825,196,1580,1029
-320-_jpg.rf.a720bb6b604a0c07e92a0a0a78a0546c.jpg,1290,774,2,422,67,602,680
-292-_jpg.rf.8e13283435c4b10b6cfb9f848cbd6017.jpg,703,421,2,222,43,345,369
-293-_jpg.rf.79d33c5396814642555f51bf3d694383.jpg,968,576,2,320,65,483,496
-316-_jpg.rf.8baa8cd04999d04c4323b27a0a9aaef8.jpg,791,470,2,256,35,372,413
-429-_jpg.rf.8782d8ad76256b2290a19fca968ce274.jpg,1295,778,2,255,0,565,744
-459-_jpg.rf.adf9b6d903a4f4676c5f44254c62c29a.jpg,1119,587,2,188,0,430,587
-43-_jpg.rf.dc770e6f67cdde52b6e7c314cb2f7e0c.jpg,1943,1218,0,910,312,1727,1083
-455-_jpg.rf.abb4872fef257bfb757276506852f0f1.jpg,1068,641,2,182,0,461,605
-456-_jpg.rf.feee8a1cbb29552bd82d65ab44ac3384.jpg,1350,804,2,159,10,472,788
-46-_jpg.rf.238ab1aa99036a279320f2683113c361.jpg,872,545,0,280,131,649,496
-134-_jpg.rf.ce6a5d16d8b1860cf28fa41879a0e720.jpg,1811,1141,0,563,266,1322,1082
-43-_jpg.rf.4486de56a6aa49d30490167c305b9d16.jpg,1943,1218,0,910,312,1727,1083
-133-_jpg.rf.31f3568dfced798b6e8e07acf12735b3.jpg,1289,800,0,579,168,1115,762
-3-_jpg.rf.bb01a24c0ff0683171d16cc1269bb1f4.jpg,794,495,0,363,108,708,454
-254-_jpg.rf.107d3f194afbc723364b27b84ebb4d6a.jpg,955,505,2,300,71,457,505
-568-_jpg.rf.3c83858139edb4912a08d7c8c6feffb0.jpg,1067,872,1,303,297,747,753
-645-_jpg.rf.3189a5b098180f3a29a034dc15f1d463.jpg,1459,1400,1,76,72,1417,1263
-305-_jpg.rf.b4acd2e599e4db8d8a1edeb35f8a35cf.jpg,1274,758,2,432,83,693,656
-323-_jpg.rf.67a7ecfac08a21e50fc132afc906fc6b.jpg,1037,619,2,395,44,565,544
-466-_jpg.rf.31aabd7c68c4bc97365742e9772979ab.jpg,1168,621,2,197,0,437,621
-583-_jpg.rf.9d3d43a9d86f0a8532d58ad65d9dc958.jpg,4086,5021,1,541,525,3968,4534
-468-_jpg.rf.e5f91d94beb51159a9f2ed7a6432dd17.jpg,961,574,2,104,8,311,572
-462-_jpg.rf.0d3123313c45293a9f76af890d9969b2.jpg,937,559,2,83,7,316,548
-533-_jpg.rf.920acfcf9616d783ca600e473cd6f201.jpg,537,456,1,0,0,537,426
-299-_jpg.rf.21a5f46e05249ff5767f16751055e174.jpg,974,586,2,397,57,559,512
-103-_jpg.rf.b113c2319b537d476eb585864d56df92.jpg,820,415,0,309,0,638,357
-234-_jpg.rf.b07343888be9e7786878fa4a9e334730.jpg,1210,763,0,279,270,734,723
-99-_jpg.rf.00c7ab3cfc5f9ee68af40e8570b3e91b.jpg,1290,653,0,510,44,1026,527
-100-_jpg.rf.2990c25ee1a44f043de6befce434b338.jpg,1277,803,0,402,98,938,692
-328-_jpg.rf.5965f16bcf1b899e1b890089cbbf85bb.jpg,1497,789,2,510,84,740,762
-354-_jpg.rf.3e3f62e20abede5c3c6fa8883af3eb6e.jpg,768,460,2,206,34,369,425
-648-_jpg.rf.30364ad0033409c4659965b44b03e24c.jpg,771,515,1,250,0,592,319
-306-_jpg.rf.cd35f2dd0145fd5004bf9d8b424318bc.jpg,1050,552,2,370,56,572,509
-289-_jpg.rf.b46e4fe881fd0db9ba81b240a6a7a1a4.jpg,738,439,2,264,46,410,396
-475-_jpg.rf.101f902afee627be087576601d032951.jpg,1007,605,2,97,0,339,595
-465-_jpg.rf.b091fdc986bd02598b99c6a9a56b96fb.jpg,977,517,2,146,12,359,517
-233-_jpg.rf.545fc1b09a381fb2d5a15c64a1bd174c.jpg,1807,1134,0,432,386,1112,1084
-523-_jpg.rf.2960144e6615364b0569f51fbb4c72c8.jpg,880,1265,1,176,451,854,1129
-41-_jpg.rf.24a2a75b287a9e1d0c1508666eef57ae.jpg,1344,676,0,533,92,1090,636
-45-_jpg.rf.40b173639c3f42cd826c09bdcf622826.jpg,1880,1182,0,880,338,1668,1097
-513-_jpg.rf.0a440d0574e25313bc7626b618b7bc84.jpg,896,1402,1,41,86,896,932
-476-_jpg.rf.3bd79dd56785f2416671d917e3bdbe1b.jpg,901,541,2,101,13,302,541
-302-_jpg.rf.059833353a048803f314eec9b9ea3102.jpg,721,430,2,233,41,387,370
-169-_jpg.rf.8752fdf18e1ebcf8b7124d8944be3c65.jpg,1263,645,0,490,144,1026,645
-471-_jpg.rf.d0d811d15fb8d2fbef7c764ae3bc8eff.jpg,1395,737,2,246,0,491,737
-593-_jpg.rf.f213391fa56cb3c80f1481310800ef13.jpg,1110,1530,1,0,0,1026,915
-635-_jpg.rf.81591167033604d5e92913f353501ab6.jpg,593,390,1,85,16,519,390
-521-_jpg.rf.25543a962d7f398c56055b56df005f56.jpg,511,653,1,66,139,444,539
-285-_jpg.rf.80908e0d334a55f4496c4f64315b1d14.jpg,1329,797,2,348,76,613,672
-291-_jpg.rf.8212b68ce393a2827b4b47e8c9705113.jpg,1390,738,2,456,82,721,679
-51-_jpg.rf.d80406458831806b604de11cdb3f3f44.jpg,794,497,0,251,137,590,455
-300-_jpg.rf.e01498ab267912b3bb3771f58e91553c.jpg,1138,598,2,435,24,622,509
-610-_jpg.rf.660891ef78def0a66559d117ad2765ca.jpg,1216,884,1,443,311,878,700
-235-_jpg.rf.d1e509ae4119603bcef840c6ba24f6d4.jpg,838,523,0,338,166,657,487
-352-_jpg.rf.44ab02e99df6112a87ab7543fdc325ce.jpg,967,578,2,194,47,418,539
-327-_jpg.rf.09bfcc192e8f46823ea1b26bd04ed014.jpg,1113,587,2,372,12,540,512
-23-_jpg.rf.6bf4924a409fdcee1fa67166dee29476.jpg,1382,705,0,594,133,1130,705
-53-_jpg.rf.642980f41d64b8da5a804b42f9e355ec.jpg,1248,785,0,592,242,1127,744
-298-_jpg.rf.991d42952f7ce28bbabd5fcbf7e375a7.jpg,817,489,2,338,47,469,425
-135-_jpg.rf.2d7d5c153ebc8a12ada2f0ae7eb11bd6.jpg,808,507,0,248,100,603,485
-522-_jpg.rf.db40b807e8e62966f85b8ca45286e6bc.jpg,550,705,1,80,147,476,604
-17-_jpg.rf.183e2bad3ba074eb2f78e07a8a94667f.jpg,832,417,0,312,115,668,417
-326-_jpg.rf.742367cf41af576710ff52e65cf1651d.jpg,1318,785,2,401,65,643,699
-173-_jpg.rf.5cb336a9228159caa6282fb2e866e015.jpg,839,524,0,375,105,734,488
-553-_jpg.rf.67e9124fa662912e7ea0807675ba0492.jpg,589,679,1,66,92,494,642
-478-_jpg.rf.4178cf37e58509b680f52825c92ad9be.jpg,975,517,2,146,0,409,517
-623-_jpg.rf.22980b0d932b6895e5fa49292a79fe71.jpg,957,721,1,0,67,957,721
-547-_jpg.rf.32345d3027cfcee128f4db6c412fdc46.jpg,574,438,1,30,0,552,438
-25-_jpg.rf.f83bad818e4ff9f3049c0a53d29dcab0.jpg,1974,1000,0,773,326,1569,1000
-285-_jpg.rf.7075b8e4954aca0184f8b56d78150741.jpg,1329,797,2,348,76,613,672
-620-_jpg.rf.b83495a85256d7bcbc5e93fbb24715d0.jpg,968,897,1,0,98,968,897
-503-_jpg.rf.0f9421fa59f036894aac198c5b9519d0.jpg,1361,1013,1,0,0,972,848
-469-_jpg.rf.f13e97580a9d3a09cbee09066f4e656b.jpg,1077,643,2,98,5,358,630
-66-_jpg.rf.a7e8565f6d295e191864c4e2b00f2aea.jpg,1276,806,0,379,263,924,777
-154-_jpg.rf.8d05b27b42e433bf7390d7f754730de7.jpg,1236,766,0,345,176,881,750
-539-_jpg.rf.71af6da8989c508e7a1f6fa89a11b1f8.jpg,1777,1243,1,216,113,1669,1177
-540-_jpg.rf.f2e5f08c17c92360e55036a1de36970e.jpg,641,440,1,76,7,568,435
-358-_jpg.rf.0ef7645fb05366ce5691b43a57ca9b3d.jpg,931,494,2,241,33,402,488
-107-_jpg.rf.750a40683f93d6bdc0da1add949e17aa.jpg,832,417,0,291,85,638,417
-551-_jpg.rf.717e7fbe927a94b9dec3be6a867d7e2e.jpg,587,716,1,140,163,537,614
-526-_jpg.rf.bd819e2b7e587346ef8510c321486971.jpg,1174,814,1,377,289,789,648
-658-_jpg.rf.0adb6ddc35cead544c49eb6ca20f6cb5.jpg,993,809,1,213,0,993,676
-314-_jpg.rf.e61adacd14515d5b64047bd2feaa5f9a.jpg,1009,535,2,369,41,530,496
-321-_jpg.rf.0f6606dd0b1e72e5930c0163107ec098.jpg,1320,787,2,513,66,702,681
-501-_jpg.rf.e31dffdb40a3a1cceae4ba5ea263953e.jpg,1452,1341,1,143,180,1301,1212
-275-_jpg.rf.a6e2b11297445044872ef883f446977d.jpg,1354,716,2,461,79,711,674
-657-_jpg.rf.d7c6d88918c0818b45d40893200c1e5d.jpg,538,856,1,0,0,538,642
-531-_jpg.rf.750b948728b2718f6dc9bf36e8ad3dd0.jpg,1062,1018,1,175,0,1062,1018
-565-_jpg.rf.99abd2a7c23ff98e5dd24643fe0287eb.jpg,863,1051,1,120,201,574,639
-272-_jpg.rf.46a6d562fe848abd236251d443163170.jpg,922,550,2,332,54,501,482
-68-_jpg.rf.badd35c74534a0a6fd85528fcb6ff66f.jpg,1216,765,0,369,227,900,731
-646-_jpg.rf.ecaf145dbe429ebd0dc797ab99b55a9f.jpg,1067,1019,1,23,224,1000,1019
-44-_jpg.rf.aad59b7768905f125ab5419e3567fbe3.jpg,1151,720,0,533,193,1025,675
-624-_jpg.rf.39a23a7d29cad1a7f403321190e4e069.jpg,1622,2650,1,130,304,1566,2322
-134-_jpg.rf.c1531f5fce045aa9f745cce9639a9daf.jpg,1811,1141,0,563,266,1322,1082
-665-_jpg.rf.c53e0be240f469d8567d38a48837f4f8.jpg,5552,3951,1,1791,1737,3228,2929
-534-_jpg.rf.4fb2cf581eded78ae17d67db1934ebba.jpg,709,835,1,0,0,628,835
-541-_jpg.rf.545e10e528980fba6860fc15b14662e9.jpg,594,867,1,6,100,594,752
-238-_jpg.rf.2327fddca86b6c9e8c99f369602965bf.jpg,1242,771,0,466,271,952,752
-48-_jpg.rf.64bbbe01d09314586659438a97e50278.jpg,1360,691,0,551,183,1103,691
-567-_jpg.rf.e82ef6496603e8f18eaab2421e62700f.jpg,746,1082,1,280,385,714,777
-282-_jpg.rf.2106e6a88596e39222021457006e590b.jpg,1025,545,2,364,61,561,515
-274-_jpg.rf.fba2c836ffe41418d5db75b3fa3f788d.jpg,1229,739,2,368,73,618,668
-47-_jpg.rf.17fe6d24ae287a421f556e9b7b6677aa.jpg,1146,713,0,360,189,847,665
-47-_jpg.rf.bdbebeac4e0024373495850fb38566bb.jpg,1146,713,0,360,189,847,665
-172-_jpg.rf.61b1d861cb163d3974aecc5d07f1d409.jpg,1237,623,0,458,63,994,598
-52-_jpg.rf.5d37fee54e940d2037afab19d7c5a704.jpg,1870,1160,0,874,306,1664,1053
-290-_jpg.rf.dc9af76ab152759754598602f4d71fc8.jpg,1324,789,2,374,89,639,686
-527-_jpg.rf.a4e823d3a7e31572c569d565d06b42c9.jpg,919,1439,1,326,442,780,948
-105-_jpg.rf.161ea778db2a2b32ee4323ab431f5c64.jpg,915,467,0,334,70,714,467
-170-_jpg.rf.f7ee55e90245c0ca9328caef091a6297.jpg,1214,610,0,445,53,981,588
-630-_jpg.rf.39084f86e6dd09d5103fba300569738b.jpg,578,450,1,85,17,554,446
-174-_jpg.rf.77cf25bccd0707669c4bb03d78f009b2.jpg,2068,1039,0,797,288,1609,1038
-304-_jpg.rf.0860bea1f2228b1a4afce53f75931210.jpg,1169,616,2,421,70,644,566
-518-_jpg.rf.01ed6433b714e45d2469f87c0573d8da.jpg,1207,2227,1,173,625,972,1358
-176-_jpg.rf.d57fe1073cd43d0a3999f6971d0ddfe7.jpg,780,483,0,246,104,583,449
-153-_jpg.rf.1fd7a6edf32700c969c93d17911f0a14.jpg,1239,770,0,364,190,869,740
-330-_jpg.rf.34a85c363641657fb4e52c71392480e3.jpg,1280,769,2,412,57,676,697
-139-_jpg.rf.9576c83d5d83bc9a354884ff371100a5.jpg,1820,911,0,701,141,1417,904
-287-_jpg.rf.8ef9f5af6f0b8d0c5d1f968014a95852.jpg,1122,591,2,340,67,576,559
-14-_jpg.rf.570874baf8d0b3042f517943e0d1b7dd.jpg,1282,641,0,509,157,1030,641
-618-_jpg.rf.85db744592d30980dd5c87c3c97c65ce.jpg,988,903,1,0,0,988,700
-579-_jpg.rf.902ba9d872e5f53a6d4239d6c076642b.jpg,1030,1576,1,153,462,1030,1494
-530-_jpg.rf.f2e8bd4776552220163723d53707afed.jpg,2047,1758,1,267,28,1562,1574
-236-_jpg.rf.897e168b69175f2b08b624a039092d57.jpg,838,520,0,221,176,536,508
-629-_jpg.rf.85fa73a2bdcbb45d0f07248f92ce1380.jpg,606,782,1,20,117,596,713
-96-_jpg.rf.4dcce42db718b9e718afa80c6e9391cf.jpg,1353,683,0,579,67,1091,586
-229-_jpg.rf.d370fe1593c485525c2961799d854b8c.jpg,1859,1160,0,503,395,1194,1126
-109-_jpg.rf.9de13b33d68162e8af473667088ab177.jpg,1242,632,0,456,94,992,632
-650-_jpg.rf.bd954a8fddf7c4c451b451b24b81fdfb.jpg,2728,1743,1,501,12,2186,1669
-573-_jpg.rf.7540e7b26079cdf5b4a959106c23a242.jpg,941,901,1,146,118,780,875
-628-_jpg.rf.76a96595d5c2d273509f0751cc433406.jpg,779,602,1,46,9,665,555
-28-_jpg.rf.72e96888fb0b5a4eb0875d6ebb0b7733.jpg,1806,916,0,729,255,1460,916
-537-_jpg.rf.3f3695e18b576e57a1699b77b2882ef3.jpg,1904,1331,1,151,79,1689,1240
-515-_jpg.rf.9d152f35a5d6c41ae1ce89db35fbc24d.jpg,1343,2093,1,0,662,1215,1976
-525-_jpg.rf.70e8f64bbb333dc193b48f01cd7d4684.jpg,581,836,1,115,257,374,559
-543-_jpg.rf.69e75bebf95a2fd5f4dfe28a80763bde.jpg,2232,2112,1,1055,577,1787,1263
-102-_jpg.rf.910bafe5f8083cffe2efaca5ffc6fb46.jpg,1185,741,0,347,72,883,667
-364-_jpg.rf.f5465cb555d82ab887efca3cd87f6c90.jpg,1287,775,2,313,29,594,738
-63-_jpg.rf.93da15a5e86581d91589f6fa15327313.jpg,859,430,0,317,166,677,430
-318-_jpg.rf.80cc2b7260464cdf187a61659db425e3.jpg,944,564,2,300,30,461,485
-311-_jpg.rf.e153718f761ef9303e251d888d6d0b56.jpg,1318,700,2,468,34,707,596
-65-_jpg.rf.f1344996419f8fc5b2330a609b41ee92.jpg,1930,1215,0,898,364,1712,1129
-317-_jpg.rf.1215f001fd556a27f76028e88cba8d5a.jpg,1100,584,2,399,0,560,486
-554-_jpg.rf.9431821ecee484c6c1c9df713050547d.jpg,785,577,1,104,17,688,465
-524-_jpg.rf.2296b25ba6de2a4cf6ff52e7d062e9ff.jpg,825,573,1,100,133,537,564
-294-_jpg.rf.81e59846465208b7f47e96767bb6dadf.jpg,1038,622,2,339,61,508,538
-564-_jpg.rf.6c85ebb6b7dc357e34c4c96fb8e26c1f.jpg,2346,2173,1,259,497,2157,2146
-654-_jpg.rf.d4dd2f60fe49b85b6764b3fddfca5033.jpg,1480,1352,1,70,161,1354,1323
-61-_jpg.rf.c019147c68e04640263f9b3925148f52.jpg,1284,645,0,495,130,1031,625
-613-_jpg.rf.0ca855fcdc083b77fe0a3e2d4ac5be04.jpg,2010,1655,1,303,206,1523,1655
-228-_jpg.rf.ef91e7ba00a7503c3d854d8a527b2d30.jpg,1290,811,0,512,320,996,811
-136-_jpg.rf.d6b5ffe50bbbb72bc68af093cee34309.jpg,1361,695,0,495,220,1030,695
-158-_jpg.rf.70ce950c9b1a1a52f76acce3d2bb74c6.jpg,1827,924,0,675,266,1388,924
-655-_jpg.rf.1aead3640c12a72bcab6f25501d6d0cb.jpg,1118,1321,1,98,128,995,1160
-507-_jpg.rf.f5e62390aa6a635610892076d9585958.jpg,3352,2620,1,737,135,3352,2214
-73-_jpg.rf.e91705441929c1e8a7dee74aa03a6a53.jpg,840,527,0,279,125,648,466
-157-_jpg.rf.b90d4cc832d0bf2a63c49825cc52a6f8.jpg,879,552,0,236,136,610,521
-6-_jpg.rf.b4c53e7d319853de30188d61f0a14089.jpg,1872,950,0,720,291,1520,950
-350-_jpg.rf.ff86194649d11d9a80e963194159db18.jpg,809,427,2,200,0,361,367
-602-_jpg.rf.26afccd4c90e06b5c163e06891c7ce43.jpg,825,676,1,108,131,643,565
-510-_jpg.rf.1b0986e10378fd91b1f92e67780c24f4.jpg,3168,2282,1,1109,761,1902,1635
-96-_jpg.rf.55cf2d45b0076cadd7d06f50c217f211.jpg,1353,683,0,579,67,1091,586
-152-_jpg.rf.ebf9e7981cada173a6bca97a3351d109.jpg,885,448,0,329,36,701,428
-108-_jpg.rf.d0b053e7ca12613e9b379c3413055644.jpg,1901,956,0,683,183,1444,956
-239-_jpg.rf.426ed4d04c5435152020756526a1e4fd.jpg,1231,764,0,285,263,750,740
-616-_jpg.rf.c28d5456e60c18de76667f5d14837a9c.jpg,1703,2076,1,151,572,1703,1761
-357-_jpg.rf.267c82056139d8a39cf3ac40bdbbf290.jpg,959,572,2,263,49,449,532
-16-_jpg.rf.1c10b3a4baf4917e36592527e81ea479.jpg,1726,1081,0,825,196,1580,1029
-76-_jpg.rf.9bbd306defb44fafed64556b4d93c886.jpg,1810,1128,0,899,254,1651,974
-601-_jpg.rf.885e2ced82cc2d4dec433c3bd9f70b06.jpg,656,800,1,111,110,548,619
-69-_jpg.rf.b8ae2ecc8dbc49cb4a35b09e8426cdd4.jpg,819,511,0,267,153,606,480
-359-_jpg.rf.be0a8285303b2cb738efff8acd7188dd.jpg,1358,715,2,349,0,588,657
-59-_jpg.rf.5fdb0b3d983c4f73ba80dd0be6c4f70b.jpg,778,488,0,363,167,683,461
-509-_jpg.rf.7d1f36466bfa3ceb2038c0b78aef82ef.jpg,2873,3993,1,909,1395,2067,2427
-519-_jpg.rf.6e3a1f175212819924394b38ccfe8cce.jpg,2923,1708,1,768,454,1761,1486
-67-_jpg.rf.437090ba4acf92096665fae6d8d909aa.jpg,864,441,0,331,162,684,441
-626-_jpg.rf.79ffc80c65a2d34aaf911c5d2681a961.jpg,1735,2820,1,143,416,1619,2468
-506-_jpg.rf.9a8cfd766213b464ce0075e610ea0088.jpg,3310,4599,1,202,1134,3081,4599
-504-_jpg.rf.029b643648915e25b1af28d062a732b5.jpg,877,1181,1,0,298,712,1154
-195-_jpg.rf.ad2b1a44db139301aee47fb37c849316.jpg,1269,642,0,499,126,969,606
-156-_jpg.rf.a9bc16bca9bf09748fcaac282e99ee1b.jpg,1389,697,0,525,175,1066,697
-361-_jpg.rf.e6eadc3808f5d7a4eca445e61a4e99bd.jpg,976,581,2,264,1,460,540
-631-_jpg.rf.ca4482d645879f5332836cdf6fb1dfa2.jpg,1819,2167,1,445,1050,1056,1622
-512-_jpg.rf.70a96c6c0ba2b46234b994b4e1736e1a.jpg,5180,4040,1,2254,1592,3412,2624
-219-_jpg.rf.6372825b429fe70c2aa683148d3a34d5.jpg,1234,766,0,429,282,894,754
-77-_jpg.rf.6e9163739894aff3eb31c02f595b18e8.jpg,1268,794,0,448,186,976,680
-106-_jpg.rf.a5195f4684f9be55f985e10193488dad.jpg,1268,785,0,380,97,917,693
-572-_jpg.rf.0e4e756a737ca705322f3c217ed7f208.jpg,4317,2672,1,929,496,3199,2672
-596-_jpg.rf.cf777769055489bd2d47e056d95f3549.jpg,1542,1109,1,130,115,1090,1109
-666-_jpg.rf.2574adc37436100d4385e45cb4e92688.jpg,942,1360,1,0,0,942,1026
-508-_jpg.rf.4bd9f48a441009f18855d572debaf730.jpg,4463,3474,1,0,449,3315,3227
-126-_jpg.rf.d18c0a9fe251982a0c761772e7d1cc65.jpg,1168,585,0,429,34,965,570
-276-_jpg.rf.b7cf07628b85a03e80dbb1b8e1fa5604.jpg,803,426,2,275,48,439,396
-520-_jpg.rf.addba36428a08d24c103eed78aedfa4d.jpg,1989,3381,1,480,1258,1666,2390
-114-_jpg.rf.0043b0cdce542a6e8fa18dfd1b0272fc.jpg,885,451,0,324,52,677,430
-472-_jpg.rf.0073e9a210cf357a200f802da85681b7.jpg,847,449,2,139,8,300,449
-189-_jpg.rf.297ac321a62591ea7508c30e5d0d4826.jpg,765,480,0,348,129,659,458
-594-_jpg.rf.66154a0ab422aab37e241807b95ca448.jpg,2113,1530,1,610,0,1932,1353
-383-_jpg.rf.d7587ff9a5635745ad48deef295c049d.jpg,994,591,2,106,0,320,545
-333-_jpg.rf.5cb499a971556820ef4a41f36e3d9615.jpg,1451,772,2,409,0,700,686
-146-_jpg.rf.c1018c2e7666d6fe81bc67aaabfa7b93.jpg,1769,890,0,666,265,1377,890
-293-_jpg.rf.6854f06597e6c03e6c600f2c6b6cad0b.jpg,968,576,2,320,65,483,496
-7-_jpg.rf.946b5fd9536acc9808ee891e109dd209.jpg,1812,1126,0,819,317,1599,1061
-179-_jpg.rf.c75810299fcafeec98063d37de381a9a.jpg,1893,968,0,737,243,1477,968
-615-_jpg.rf.271efff814606b344e0bffc838e63bcd.jpg,2676,2591,1,746,180,2438,2285
-570-_jpg.rf.198c32ee81724081ed5efcdceb04acc9.jpg,3923,2877,1,730,220,2928,2341
-598-_jpg.rf.d9a554aea454aecc1b33b4faddcf450a.jpg,1558,3013,1,425,857,1450,1895
-224-_jpg.rf.c920264222c21ff5232e75cd30d991ca.jpg,1237,770,0,512,297,999,770
-86-_jpg.rf.88c72f95358e241ad36e7fa7b2d3f701.jpg,1172,735,0,599,135,1068,621
-115-_jpg.rf.08b29ce7eac1b7e931f95d4038383ea8.jpg,1259,629,0,447,146,983,629
-210-_jpg.rf.4a3e0f87e3a11d44f5442d3c4262d99d.jpg,1193,747,0,630,229,1086,722
-187-_jpg.rf.f15d6ca633c7e16783f2d548ef3b4411.jpg,830,525,0,377,122,718,490
-15-_jpg.rf.457162ee40fa31bcfaa48bc8d8a50980.jpg,809,506,0,265,70,621,486
-275-_jpg.rf.ac4de9a0d9f30e38691ee763fb019dcd.jpg,1354,716,2,461,79,711,674
-144-_jpg.rf.89a7f37d846e1a4012d401ec2650dd7e.jpg,1340,673,0,501,206,1036,673
-112-_jpg.rf.dcddf35217eb81bb9e50e74142375b6e.jpg,1198,744,0,504,99,1040,684
-254-_jpg.rf.5785245d7ebfb5a9deda1c1aa4aa279a.jpg,955,505,2,300,71,457,505
-164-_jpg.rf.9aeffa51064177a6bfbaaba73e35af39.jpg,893,552,0,262,126,638,511
-75-_jpg.rf.cc088ba8e5f26e586d4dbecd3bbc3ecb.jpg,864,436,0,363,124,719,436
-161-_jpg.rf.bbf5c327c67bc3ba3b487e74158554e3.jpg,1235,775,0,530,161,1066,756
-74-_jpg.rf.7b525e8c488a965613adcc966c0ad72e.jpg,847,425,0,354,56,706,387
-163-_jpg.rf.565b426e4312b437d82c03b12f7fe83e.jpg,1241,624,0,464,142,1001,624
-177-_jpg.rf.14be3cf574b468c8ad8cfbd50a4e2678.jpg,1207,751,0,527,169,1063,713
-166-_jpg.rf.eff2bb5f8031dcc2c8d37c21b33e7a6c.jpg,1225,613,0,453,153,956,613
-569-_jpg.rf.ea97543135882bb381190f552a217f44.jpg,2603,4254,1,169,925,2319,3138
-600-_jpg.rf.c58bdecc302ab81afd5bec2a963fe8c7.jpg,1596,3067,1,94,1191,1252,2223
-119-_jpg.rf.740f0d59ce271735697353d7d8755cad.jpg,1176,727,0,486,159,1023,713
-223-_jpg.rf.cfabfc0b0e56293ebe659fcca2de2a5b.jpg,824,414,0,298,123,592,414
-614-_jpg.rf.924d0dd8928ab10973ca8906102e472c.jpg,2311,2803,1,41,413,2053,2158
-231-_jpg.rf.fe159fdb4048cbc431d8282188d3664a.jpg,1251,790,0,316,274,820,782
-625-_jpg.rf.a8274043868e078b1eb5c0188fa3d410.jpg,2830,1761,1,357,0,2477,1488
-372-_jpg.rf.5c3abe07732197d5ba4bd122ce9217c9.jpg,1136,600,2,274,4,499,581
-400-_jpg.rf.bdd44caefc8f98136e775a526b1f796c.jpg,704,422,2,156,0,287,410
-215-_jpg.rf.8885f847e206819cd567fe137d45f9c2.jpg,790,493,0,394,180,689,493
-670-_jpg.rf.ddbb2d34889067bccfe03d8d29ea9ccd.jpg,1810,895,1,466,30,1133,734
-656-_jpg.rf.f04518007721da56ffd75e2eb631e75f.jpg,1429,1425,1,214,307,1379,1314
-193-_jpg.rf.5487dcf6db63f980bda33031fda0ff16.jpg,1278,649,0,458,259,937,649
-571-_jpg.rf.300a15d37fabe2a4b620a1b71c3dc86f.jpg,2902,4022,1,514,1134,2703,3282
-660-_jpg.rf.e513552ce825a677184156b35b8f5302.jpg,2469,2114,1,0,0,1918,1799
-677-_jpg.rf.333aa542166e814a53283dd9439f485b.jpg,904,573,1,19,0,549,447
-123-_jpg.rf.42ec121efb7ae7de89f9916b5b12e55d.jpg,1234,767,0,367,154,903,749
-125-_jpg.rf.2c077d4334b36b54bb846ccc4f88df30.jpg,1330,679,0,514,74,1051,668
-188-_jpg.rf.6e35f2202e9b4ec7e2b9dee994f457ce.jpg,820,512,0,247,134,581,494
-139-_jpg.rf.438bd2251dadddb32942da3b3df0aa72.jpg,1820,911,0,701,141,1417,904
-211-_jpg.rf.54bb73da32a5076b9b72e5517436bfc3.jpg,1188,741,0,462,230,919,714
-557-_jpg.rf.e690537fff85b26747c3976790179bd1.jpg,2398,2924,1,556,2061,1308,2718
-481-_jpg.rf.e6c508913713d0de4f1e7b4448232031.jpg,787,469,2,82,2,271,457
-398-_jpg.rf.ec8a9ad160552639933d6e1d40a306a2.jpg,1107,586,2,297,0,526,581
-687-_jpg.rf.6a75c46e3dfd2bf0dedcbd5ae15a4e86.jpg,527,502,1,0,0,527,411
-111-_jpg.rf.3021378d7f85d8e9bfce57ced7cbbc76.jpg,1214,613,0,428,113,964,613
-14-_jpg.rf.972a23766ead65d5706eea5b9fe5f76a.jpg,1282,641,0,509,157,1030,641
-242-_jpg.rf.00b697d37feafb84ee71b2f1b8931568.jpg,738,443,2,243,60,388,396
-702-_jpg.rf.8c101f958e72e2a47b5bb6e04f931e27.jpg,434,360,1,0,0,434,360
-440-_jpg.rf.dbc557637b2ac99828ede03fb482b4d2.jpg,981,588,2,68,2,326,565
-387-_jpg.rf.0bf4f7d1416c72e4f0071230f94a08ea.jpg,983,586,2,130,9,384,558
-75-_jpg.rf.36c7c23399ecfc699f9840bb9e692c76.jpg,864,436,0,363,124,719,436
-696-_jpg.rf.a4a816d0a832f71195777e1fdb5913c1.jpg,637,860,1,0,86,637,838
-514-_jpg.rf.dea46246dc75dcd7c41da29c0fa35bb6.jpg,2343,1501,1,101,0,1546,1459
-143-_jpg.rf.7477e90c02519d4fa785c9df32be9738.jpg,803,503,0,363,143,687,498
-111-_jpg.rf.a211921ce13a6da3dc6bf844e1a0a0fb.jpg,1214,613,0,428,113,964,613
-261-_jpg.rf.c0f1a2cd5f261d81db3fcd6e055f4465.jpg,819,488,2,302,63,439,428
-154-_jpg.rf.fa4b365d209252662a9ffde8857e9c45.jpg,1236,766,0,345,176,881,750
-234-_jpg.rf.18509b357a5fea84088b5a78519f1e09.jpg,1210,763,0,279,270,734,723
-214-_jpg.rf.c8fa605a50c21813b46b30dffb451a93.jpg,1882,957,0,774,490,1428,955
-212-_jpg.rf.7d1048ce4da9e0a2857e87b127142139.jpg,889,448,0,384,202,712,448
-292-_jpg.rf.efa017bf4f4be3ac9020524e22851d29.jpg,703,421,2,222,43,345,369
-110-_jpg.rf.d7d19e76ff1b3d9024d00430f5ed2a8a.jpg,1207,759,0,518,106,1054,700
-140-_jpg.rf.1c0ce6ce39d3166fd8a64f3936e0af1a.jpg,1297,654,0,455,218,991,654
-120-_jpg.rf.df74b8343d60594477b022b10afd6c71.jpg,1205,608,0,470,136,955,608
-197-_jpg.rf.47e7f71414dc674e259a214154f94e8f.jpg,1328,675,0,519,248,1055,675
-287-_jpg.rf.575688c63fdd36446d69261da12fb77b.jpg,1122,591,2,340,67,576,559
-199-_jpg.rf.8423c66e7bc3198feacad025934e4b4c.jpg,1264,642,0,535,234,999,642
-19-_jpg.rf.89b09e47b43aa27768e9586a797ab49f.jpg,1363,695,0,580,134,1116,695
-19-_jpg.rf.cfaeeaf39461fdebc7a5529f51b53b7b.jpg,1363,695,0,580,134,1116,695
-177-_jpg.rf.8d6de770eca29e58563cf66ea32e7c76.jpg,1207,751,0,527,169,1063,713
-84-_jpg.rf.39ab9a10d73411933c8a8afd2678008d.jpg,1247,629,0,550,54,1046,513
-26-_jpg.rf.12960e561c7feefd395ac067466e8d54.jpg,1304,661,0,530,113,1065,657
-268-_jpg.rf.b9d2cd63880ca82236defc096ac3fad8.jpg,1043,620,2,401,58,584,534
-173-_jpg.rf.9574e74fbd171fd4dcc612eddb62f83d.jpg,839,524,0,375,105,734,488
-262-_jpg.rf.6c180dd847d68e81ff09ecf77f04c606.jpg,1388,731,2,477,77,728,672
-22-_jpg.rf.6e4a3c2af09422327ab56d00f7efe214.jpg,1776,1105,0,612,187,1387,1049
-78-_jpg.rf.bf313d0b333484aa93cb49234c92aae6.jpg,1343,685,0,580,74,1119,570
-251-_jpg.rf.4531a7d35661ddf0172e9e705d40df4d.jpg,983,586,2,321,71,502,509
-249-_jpg.rf.cceaee0aafd4fe09c82b259d465f7228.jpg,1088,575,2,332,73,514,575
-176-_jpg.rf.4798711fe9927f2a7a0563dcbe66524f.jpg,780,483,0,246,104,583,449
-266-_jpg.rf.268547e303b90f59f2181d14405df808.jpg,1116,593,2,387,63,591,547
-82-_jpg.rf.86bd3dd97da450494dc80627107fab04.jpg,878,549,0,444,125,810,469
-181-_jpg.rf.6795acf18abc0ae56ac07ff4d23bc9fa.jpg,1279,801,0,362,179,898,773
-213-_jpg.rf.d965d6431aa16071bf244c86efbcda6d.jpg,1232,765,0,612,296,1078,765
-21-_jpg.rf.8af16d23dbd71c5ce7641393245d9a81.jpg,1251,784,0,414,161,949,756
-335-_jpg.rf.43b0d8e05193004178919d4549b89c0e.jpg,741,392,2,192,10,353,370
-122-_jpg.rf.88455ebaa58dc84bd64cbca937f3a74e.jpg,1208,761,0,552,153,1087,747
-182-_jpg.rf.aa4cc33aeb6eecb2040aa6333fb67d33.jpg,1220,763,0,347,152,883,747
-198-_jpg.rf.690980c6a558221b71b304073737e7e6.jpg,1274,646,0,535,115,1004,595
-136-_jpg.rf.fed1ca4ffb4803137fcc1e32bd4a6f4d.jpg,1361,695,0,495,220,1030,695
-143-_jpg.rf.36a778085e11e47c213438c9ff0ea909.jpg,803,503,0,363,143,687,498
-2-_jpg.rf.a2f0e5cb94d0ed8154585b990b45e265.jpg,1360,692,0,549,135,1085,692
-151-_jpg.rf.f993716a204f743963d92d60612f081d.jpg,1286,654,0,475,104,1012,654
-119-_jpg.rf.d8d271cfeb93b854b4850371985cf1df.jpg,1176,727,0,486,159,1023,713
-291-_jpg.rf.24b97571896a0a4a94c45b6b5c72d1ad.jpg,1390,738,2,456,82,721,679
-343-_jpg.rf.fcb376b67a0df631d6af2b5a128bd4ed.jpg,1077,642,2,211,12,454,528
-338-_jpg.rf.940c4698660e9529bfbfe507c1e4c69e.jpg,1094,577,2,280,23,510,546
-344-_jpg.rf.69e4c338ec7b0b0260a7399d44185b79.jpg,1354,713,2,327,49,593,693
-12-_jpg.rf.1a6a5256955152846e8531b1640f806c.jpg,819,517,0,237,87,619,514
-341-_jpg.rf.bfe1f1aba0b1172f84e006d1ea7dbad0.jpg,1327,797,2,356,37,651,709
-34-_jpg.rf.e5030f58f4ce77f276001fbc55a7bde9.jpg,1876,1181,0,600,303,1413,1161
-54-_jpg.rf.bc9903e363a0b7b0966100100a4e1ebc.jpg,1271,802,0,598,268,1134,766
-137-_jpg.rf.281ad83ed78632f9518a8153c44dbfe5.jpg,1334,837,0,416,205,952,799
-342-_jpg.rf.1b0dc108e7d57057dcd60709a509aa94.jpg,1052,553,2,252,0,479,485
-340-_jpg.rf.fecd14f8037eb816be35ed3b39100357.jpg,998,597,2,268,8,496,507
-339-_jpg.rf.52eb6a379a5f90a381723a62b5dbcefc.jpg,812,431,2,204,11,378,398
-336-_jpg.rf.48634aa6fc6340229cacce173e23a566.jpg,772,460,2,227,23,388,413
-191-_jpg.rf.c154316bba8850d68f5bdc916a3fd639.jpg,1911,971,0,721,225,1440,964
-348-_jpg.rf.8c596089c1caf20f23f0a53167f5fe09.jpg,1033,546,2,259,6,468,505
-182-_jpg.rf.1e881d0dc80094599933cb20019e2f22.jpg,1220,763,0,347,152,883,747
-189-_jpg.rf.2368a6cfaf5b1389e559d5c945763d05.jpg,765,480,0,348,129,659,458
-250-_jpg.rf.395353419c8050b211c46b55eb6f8dd7.jpg,828,440,2,255,35,388,385
-185-_jpg.rf.e03c141d38f88923f9d5b9b30a1117f8.jpg,824,515,0,252,122,588,487
-240-_jpg.rf.600978fd374d7e10aeed54a97ee7ae69.jpg,1269,796,0,492,262,986,753
-243-_jpg.rf.8be5482c4246cb3fa9db2600c4ad5983.jpg,960,572,2,308,94,497,529
-183-_jpg.rf.46103f3cc3ce8640294b6ee7b851b9fb.jpg,2041,1030,0,815,242,1595,1030
-202-_jpg.rf.8561fa1a1d2503e7dd2baf03a8fef9be.jpg,1317,824,0,459,247,995,789
-346-_jpg.rf.7e11afbeb937b8e360c7ae5ff851ed9e.jpg,1433,759,2,357,7,609,692
-186-_jpg.rf.09db8ad73582a0cc017fd8c909d8a55d.jpg,2106,1064,0,797,164,1602,1019
-345-_jpg.rf.684d6c334b6dcf4a0a094fb2ec5dcfce.jpg,1124,597,2,277,24,494,553
-247-_jpg.rf.e357af2ced6b67191fe7e7aacf7f5d39.jpg,1404,744,2,421,123,671,718
-241-_jpg.rf.d835f94d41082eff5286e8dad07720c9.jpg,1298,772,2,433,127,684,722
-181-_jpg.rf.52b21b21d3361cf40596272f640e86f1.jpg,1279,801,0,362,179,898,773
-180-_jpg.rf.1470e12bf89132dd2b8fd743aea9c839.jpg,870,545,0,259,136,614,513
-191-_jpg.rf.da1d3e4788eefc7589f73c0c59f9ef8f.jpg,1911,971,0,721,225,1440,964
-187-_jpg.rf.07a1ffb735efc27b0f1e26178ee534ec.jpg,830,525,0,377,122,718,490
-202-_jpg.rf.8012f7f588d82b3796911ad2b5e73d26.jpg,1317,824,0,459,247,995,789
-194-_jpg.rf.8d00091077b624945899e9665e2177a2.jpg,1885,1186,0,557,386,1296,1154
-192-_jpg.rf.a1e6201c7c910926199e8b4a5c75da09.jpg,736,466,0,339,155,633,454
-184-_jpg.rf.28d77c936dc7d5fec0782aa11c4aebd9.jpg,1298,652,0,496,63,993,589
-190-_jpg.rf.8a09dbed84e564208921dcba65193d12.jpg,864,542,0,367,205,715,542